pollock,Divito
pollock,Divlio
richard,Kingry
richard,Kings
pollock,Dixey
pollock,Dixie
pollock,Dixion
pollock,Dixon
richard,Mathwich
richard,Mathys
richard,Matias
richard,Matice
richard,Matier
richard,Matin
richard,Matinez
pollock,Divoll
pollock,Diwan
pollock,Dix
pollock,Dixon
pollock,Gracely
pollock,Graces
pollock,Gracey
pollock,Graci
pollock,Gracia
pollock,Graciana
pollock,Graciani
pollock,Graciano
pollock,Gracie
pollock,Gracy
pollock,Kingery
pollock,Kingfisher
pollock,Kingham
pollock,Kinghorn
pollock,Kingma
richard,Kingman
richard,Kingore
richard,Kingrey
richard,Matis
richard,Matise
richard,Matison
richard,Schultes
richard,Schultheis
richard,Schultheiss
richard,Schulthess
richard,Schultz
richard,Schultze
richard,Schulweis
richard,Schulz
richard,Schulze
